<?xml version="1.0" encoding="UTF-8"?>
<project-private xmlns="http://www.netbeans.org/ns/project-private/1">
    <editor-bookmarks xmlns="http://www.netbeans.org/ns/editor-bookmarks/2" lastBookmarkId="0"/>
    <open-files xmlns="http://www.netbeans.org/ns/projectui-open-files/2">
        <group>
            <file>file:/C:/Users/Usuario/Documents/NetBeansProjects/Resolucion2/src/resolucion2/Nodo.java</file>
            <file>file:/C:/Users/Usuario/Documents/NetBeansProjects/Resolucion2/src/resolucion2/Lista.java</file>
            <file>file:/C:/Users/Usuario/Documents/NetBeansProjects/Resolucion2/src/resolucion2/Resolucion2.java</file>
            <file>file:/C:/Users/Usuario/Documents/NetBeansProjects/Resolucion2/src/resolucion2/Imagen.java</file>
            <file>file:/C:/Users/Usuario/Documents/NetBeansProjects/Resolucion2/src/resolucion2/Ventana.java</file>
        </group>
    </open-files>
</project-private>
