<?xml version="1.0" encoding="UTF-8"?>
<project-private xmlns="http://www.netbeans.org/ns/project-private/1">
    <editor-bookmarks xmlns="http://www.netbeans.org/ns/editor-bookmarks/2" lastBookmarkId="0"/>
    <open-files xmlns="http://www.netbeans.org/ns/projectui-open-files/2">
        <group>
            <file>file:/C:/Users/Usuario/Documents/java_ejercicio_P_C/parcial_resolucion/src/parcial_resolucion/Estudiante.java</file>
            <file>file:/C:/Users/Usuario/Documents/java_ejercicio_P_C/parcial_resolucion/src/parcial_resolucion/Cola_estudiante.java</file>
            <file>file:/C:/Users/Usuario/Documents/java_ejercicio_P_C/parcial_resolucion/src/parcial_resolucion/Nodo.java</file>
            <file>file:/C:/Users/Usuario/Documents/java_ejercicio_P_C/parcial_resolucion/src/parcial_resolucion/Parcial_resolucion.java</file>
            <file>file:/C:/Users/Usuario/Documents/java_ejercicio_P_C/parcial_resolucion/src/parcial_resolucion/Curso.java</file>
            <file>file:/C:/Users/Usuario/Documents/java_ejercicio_P_C/parcial_resolucion/src/parcial_resolucion/Pila_curso.java</file>
        </group>
    </open-files>
</project-private>
